<?xml version="1.0" encoding="UTF-8"?>
<build-type xmlns:xsi="http://www.w3.org/2001/XMLSchema-instance" uuid="eea22d18-bd7d-4f70-902b-ce42ec32eebf" xsi:noNamespaceSchemaLocation="http://www.jetbrains.com/teamcity/schemas/2017.2/project-config.xsd">
  <name>Run Tests</name>
  <description />
  <settings>
    <options>
      <option name="artifactRules" value="agent_report.html&#xA;remote_report.html" />
      <option name="shouldFailBuildIfTestsFailed" value="false" />
      <option name="shouldFailBuildOnBadExitCode" value="false" />
    </options>
    <parameters>
      <param name="system.password" value="zxx192f478978efc1c5775d03cbe80d301b" spec="password display='normal'" />
      <param name="system.username" value="zxx741d04a9fba8ad6f" spec="password display='normal'" />
    </parameters>
    <build-runners order="RUNNER_1, RUNNER_2">
      <runner id="RUNNER_1" name="Test TC Agent" type="simpleRunner">
        <parameters>
          <param name="script.content" value="inspec exec &quot;cis-dil-benchmark&quot; --reporter html:agent_report.html" />
          <param name="teamcity.step.mode" value="default" />
          <param name="use.custom.script" value="true" />
        </parameters>
      </runner>
      <runner id="RUNNER_2" name="Test Remote System" type="simpleRunner">
        <parameters>
          <param name="script.content" value="inspec exec &quot;cis-dil-benchmark&quot; -t ssh://%system.username%:%system.password%@inspec_teamcity_node --reporter html:remote_report.html" />
          <param name="teamcity.step.mode" value="default" />
          <param name="use.custom.script" value="true" />
        </parameters>
      </runner>
    </build-runners>
    <vcs-settings>
      <vcs-entry-ref root-id="Inspec_HttpsGithubComTimPringleInspecRefsHeadsMaster" />
    </vcs-settings>
    <requirements />
    <build-triggers>
      <build-trigger id="vcsTrigger" type="vcsTrigger">
        <parameters>
          <param name="branchFilter" value="+:*" />
          <param name="enableQueueOptimization" value="true" />
          <param name="quietPeriodMode" value="DO_NOT_USE" />
        </parameters>
      </build-trigger>
    </build-triggers>
    <cleanup />
  </settings>
</build-type>

