<?xml version="1.0" encoding="UTF-8"?>
<vcs-root xmlns:xsi="http://www.w3.org/2001/XMLSchema-instance" uuid="14cbbf1a-9136-4df4-84a5-89dd0648304e" type="jetbrains.git" xsi:noNamespaceSchemaLocation="http://www.jetbrains.com/teamcity/schemas/2017.2/project-config.xsd">
  <name>https://github.com/tim-pringle/inspec#refs/heads/master</name>
  <param name="agentCleanFilesPolicy" value="ALL_UNTRACKED" />
  <param name="agentCleanPolicy" value="ON_BRANCH_CHANGE" />
  <param name="authMethod" value="PASSWORD" />
  <param name="branch" value="refs/heads/master" />
  <param name="ignoreKnownHosts" value="true" />
  <param name="secure:password" value="zxx48c42e3754bfa44be50a3fa921ff0a0f7d323076fe5495b7f47947aca88003ee3ffcca0a56b50b23775d03cbe80d301b" />
  <param name="submoduleCheckout" value="CHECKOUT" />
  <param name="url" value="https://github.com/tim-pringle/inspec" />
  <param name="useAlternates" value="true" />
  <param name="username" value="tim-pringle" />
  <param name="usernameStyle" value="USERID" />
</vcs-root>

